{"timestamp":1.609330145E12,"market_price_usd":27831.22,"hash_rate":1.6272797823608975E11,"total_fees_btc":10269914412,"n_btc_mined":110000000000,"n_tx":346294,"n_blocks_mined":176,"minutes_between_blocks":7.5657,"totalbc":1858543125000000,"n_blocks_total":663669,"estimated_transaction_volume_usd":6.597865869575326E9,"blocks_size":226106696,"miners_revenue_usd":3.3472584473815415E7,"nextretarget":665279,"difficulty":18599593048299,"estimated_btc_sent":23706707322120,"miners_revenue_btc":1202,"total_btc_sent":165794469046915,"trade_volume_btc":26149.31,"trade_volume_usd":7.277671994582001E8}